﻿Line No.,Order Code,RoHS Compliant?,Your Part No,Notes,Qty,Mfr Part No,Manufacturer Name,Manufacturer / Description,Availability,Unit Price,Line Price,Discount Price
1,1862377,RoHS: YES / PHTHALATES: YES,,,2.0,"AB26T-32.768KHZ.",ABRACON,"ABRACON  CRYSTAL, 32.768KHZ, 12.5PF, CYLINDER",6340,14.9800,29.96,,
2,1168637,RoHS: YES / PHTHALATES: YES,,,10.0,"SA23-12EWA",KINGBRIGHT,"KINGBRIGHT  7 Segment LED Display, Mechanically Rugged, Red, 20 mA, 8 V, 55.5 mcd, 1, 56.9 mm",59,414.9000,4149.00,,
3,3119758,RoHS: YES / PHTHALATES: YES,,,2.0,"CD4060BE",TEXAS INSTRUMENTS,"TEXAS INSTRUMENTS  Ripple Carry Binary / Divider, CD4000 Family, 24 MHz, 3 V to 18 V, DIP-16",3911,40.1100,80.22,,
4,3006469,RoHS: YES / PHTHALATES: YES,,,3.0,"SN7432N",TEXAS INSTRUMENTS,"TEXAS INSTRUMENTS  Logic IC, OR Gate, Quad, 8 Inputs, 14 Pins, DIP, 7432",88,173.7600,521.28,,
5,1366571,RoHS: YES / PHTHALATES: YES,,,2.0,"L7805ABD2T-TR",STMICROELECTRONICS,"STMICROELECTRONICS  Fixed Linear Voltage Regulator, 7805, 3-Terminal, Positive, 10V To 35V In, 5V And 1.5A Out, TO-263-3",6026,50.9000,101.80,,
6,3119855,RoHS: YES / PHTHALATES: YES,,,10.0,"CD4511BE",TEXAS INSTRUMENTS,"TEXAS INSTRUMENTS  BCD to 7 Segment Decoder / Driver / Latch, 1 Gate, 4 Input, 7 Output, 6.8 mA, 3 V to 18 V, DIP-16",22279,38.9600,389.60,,
7,3006272,RoHS: YES / PHTHALATES: YES,,,10.0,"CD4029BE",TEXAS INSTRUMENTS,"TEXAS INSTRUMENTS  Binary / BCD Up / Down Counter, 11 MHz, 3 V to 18 V, DIP-16",2343,33.3400,333.40,,
8,3119947,RoHS: YES / PHTHALATES: YES,,,5.0,"CD4013BE",TEXAS INSTRUMENTS,"TEXAS INSTRUMENTS  Flip-Flop, Complementary Output, Positive Edge, CD4013, D, 45 ns, 12 MHz, 6.8 mA, DIP",4472,36.1400,180.70,,
9,3120530,RoHS: YES / PHTHALATES: YES,,,3.0,"SN74LS11N",TEXAS INSTRUMENTS,"TEXAS INSTRUMENTS  Logic IC, AND Gate, Triple, 3 Inputs, 14 Pins, DIP, 74LS11",1014,59.1600,177.48,,

,,,,,,,Sub Total,5963.44
,,,,,,,Goods Total,5963.44
,,,,,,,Delivery,0.00
,,,,,,,GST,1073.42
,,,,,,,Total,7036.86
